{"v":"5.7.13","fr":60,"ip":39,"op":186,"w":512,"h":512,"nm":"See saw sqaure_fill","ddd":0,"assets":[],"layers":[{"ddd":0,"ind":1,"ty":4,"nm":"stick Outlines","sr":1,"ks":{"o":{"a":0,"k":100,"ix":11},"r":{"a":1,"k":[{"i":{"x":[0.833],"y":[0.833]},"o":{"x":[0.167],"y":[0.167]},"t":73,"s":[-11]},{"i":{"x":[0.833],"y":[0.833]},"o":{"x":[0.167],"y":[0.167]},"t":76,"s":[11]},{"i":{"x":[0.833],"y":[0.833]},"o":{"x":[0.167],"y":[0.167]},"t":145,"s":[11]},{"t":148,"s":[-11]}],"ix":10},"p":{"a":0,"k":[256,384,0],"ix":2,"l":2},"a":{"a":0,"k":[208,8,0],"ix":1,"l":2},"s":{"a":0,"k":[100,100,100],"ix":6,"l":2}},"ao":0,"shapes":[{"ty":"gr","it":[{"ind":0,"ty":"sh","ix":1,"ks":{"a":0,"k":{"i":[[0,0],[0,0]],"o":[[0,0],[0,0]],"v":[[8,8],[408,8]],"c":false},"ix":2},"nm":"Path 1","mn":"ADBE Vector Shape - Group","hd":false},{"ty":"st","c":{"a":0,"k":[0.756862804936,0.596078431373,0.427451010311,1],"ix":3},"o":{"a":0,"k":100,"ix":4},"w":{"a":0,"k":16,"ix":5},"lc":2,"lj":2,"bm":0,"nm":"Stroke 1","mn":"ADBE Vector Graphic - Stroke","hd":false},{"ty":"tr","p":{"a":0,"k":[0,0],"ix":2},"a":{"a":0,"k":[0,0],"ix":1},"s":{"a":0,"k":[100,100],"ix":3},"r":{"a":0,"k":0,"ix":6},"o":{"a":0,"k":100,"ix":7},"sk":{"a":0,"k":0,"ix":4},"sa":{"a":0,"k":0,"ix":5},"nm":"Transform"}],"nm":"Group 1","np":2,"cix":2,"bm":0,"ix":1,"mn":"ADBE Vector Group","hd":false}],"ip":0,"op":540,"st":0,"bm":0},{"ddd":0,"ind":2,"ty":4,"nm":"left Outlines","sr":1,"ks":{"o":{"a":0,"k":100,"ix":11},"r":{"a":1,"k":[{"i":{"x":[0.833],"y":[0.833]},"o":{"x":[0.167],"y":[0.167]},"t":73,"s":[-14]},{"t":150,"s":[-373]}],"ix":10},"p":{"a":1,"k":[{"i":{"x":0,"y":1},"o":{"x":0.109,"y":0},"t":73,"s":[96,375,0],"to":[0,0,0],"ti":[0,0,0]},{"i":{"x":0.667,"y":1},"o":{"x":0.975,"y":0},"t":112,"s":[96,100,0],"to":[0,0,0],"ti":[0,0,0]},{"t":150,"s":[96,375,0]}],"ix":2,"l":2},"a":{"a":0,"k":[40.25,40.25,0],"ix":1,"l":2},"s":{"a":0,"k":[100,100,100],"ix":6,"l":2}},"ao":0,"shapes":[{"ty":"gr","it":[{"ind":0,"ty":"sh","ix":1,"ks":{"a":0,"k":{"i":[[9.024,0],[0,0],[0,9.024],[0,0],[-9.024,0],[0,0],[0,-9.024],[0,0]],"o":[[0,0],[-9.024,0],[0,0],[0,-9.024],[0,0],[9.024,0],[0,0],[0,9.024]],"v":[[23.661,40],[-23.661,40],[-40,23.661],[-40,-23.661],[-23.661,-40],[23.661,-40],[40,-23.661],[40,23.661]],"c":true},"ix":2},"nm":"Path 1","mn":"ADBE Vector Shape - Group","hd":false},{"ty":"fl","c":{"a":0,"k":[0.996078491211,0.854902020623,0.027450982262,1],"ix":4},"o":{"a":0,"k":100,"ix":5},"r":1,"bm":0,"nm":"Fill 1","mn":"ADBE Vector Graphic - Fill","hd":false},{"ty":"tr","p":{"a":0,"k":[40.25,40.25],"ix":2},"a":{"a":0,"k":[0,0],"ix":1},"s":{"a":0,"k":[100,100],"ix":3},"r":{"a":0,"k":0,"ix":6},"o":{"a":0,"k":100,"ix":7},"sk":{"a":0,"k":0,"ix":4},"sa":{"a":0,"k":0,"ix":5},"nm":"Transform"}],"nm":"Group 1","np":2,"cix":2,"bm":0,"ix":1,"mn":"ADBE Vector Group","hd":false}],"ip":0,"op":613,"st":73,"bm":0},{"ddd":0,"ind":3,"ty":4,"nm":"right Outlines 2","sr":1,"ks":{"o":{"a":0,"k":100,"ix":11},"r":{"a":1,"k":[{"i":{"x":[0.833],"y":[0.833]},"o":{"x":[0.167],"y":[0.167]},"t":145,"s":[14]},{"t":221,"s":[-360]}],"ix":10},"p":{"a":1,"k":[{"i":{"x":0,"y":1},"o":{"x":0.109,"y":0},"t":145,"s":[416,376,0],"to":[0,0,0],"ti":[0,0,0]},{"i":{"x":0.894,"y":1},"o":{"x":0.975,"y":0},"t":185,"s":[416,100,0],"to":[0,0,0],"ti":[0,0,0]},{"t":221,"s":[416,362,0]}],"ix":2,"l":2},"a":{"a":0,"k":[40.25,40.25,0],"ix":1,"l":2},"s":{"a":0,"k":[100,100,100],"ix":6,"l":2}},"ao":0,"shapes":[{"ty":"gr","it":[{"ind":0,"ty":"sh","ix":1,"ks":{"a":0,"k":{"i":[[9.023,0],[0,0],[0,9.024],[0,0],[-9.024,0],[0,0],[0,-9.024],[0,0]],"o":[[0,0],[-9.024,0],[0,0],[0,-9.024],[0,0],[9.023,0],[0,0],[0,9.024]],"v":[[23.661,40],[-23.661,40],[-40,23.661],[-40,-23.661],[-23.661,-40],[23.661,-40],[40,-23.661],[40,23.661]],"c":true},"ix":2},"nm":"Path 1","mn":"ADBE Vector Shape - Group","hd":false},{"ty":"fl","c":{"a":0,"k":[0.929411824544,0.329411764706,0.352941176471,1],"ix":4},"o":{"a":0,"k":100,"ix":5},"r":1,"bm":0,"nm":"Fill 1","mn":"ADBE Vector Graphic - Fill","hd":false},{"ty":"tr","p":{"a":0,"k":[40.25,40.25],"ix":2},"a":{"a":0,"k":[0,0],"ix":1},"s":{"a":0,"k":[100,100],"ix":3},"r":{"a":0,"k":0,"ix":6},"o":{"a":0,"k":100,"ix":7},"sk":{"a":0,"k":0,"ix":4},"sa":{"a":0,"k":0,"ix":5},"nm":"Transform"}],"nm":"Group 1","np":2,"cix":2,"bm":0,"ix":1,"mn":"ADBE Vector Group","hd":false}],"ip":145,"op":686,"st":146,"bm":0},{"ddd":0,"ind":4,"ty":4,"nm":"right Outlines","sr":1,"ks":{"o":{"a":0,"k":100,"ix":11},"r":{"a":1,"k":[{"i":{"x":[0.833],"y":[0.833]},"o":{"x":[0.167],"y":[0.167]},"t":0,"s":[0]},{"t":76,"s":[-346]}],"ix":10},"p":{"a":1,"k":[{"i":{"x":0,"y":1},"o":{"x":0.109,"y":0},"t":0,"s":[416,362,0],"to":[0,0,0],"ti":[0,0,0]},{"i":{"x":0.894,"y":1},"o":{"x":0.975,"y":0},"t":39,"s":[416,100,0],"to":[0,0,0],"ti":[0,0,0]},{"t":76,"s":[416,376,0]}],"ix":2,"l":2},"a":{"a":0,"k":[40.25,40.25,0],"ix":1,"l":2},"s":{"a":0,"k":[100,100,100],"ix":6,"l":2}},"ao":0,"shapes":[{"ty":"gr","it":[{"ind":0,"ty":"sh","ix":1,"ks":{"a":0,"k":{"i":[[9.023,0],[0,0],[0,9.024],[0,0],[-9.024,0],[0,0],[0,-9.024],[0,0]],"o":[[0,0],[-9.024,0],[0,0],[0,-9.024],[0,0],[9.023,0],[0,0],[0,9.024]],"v":[[23.661,40],[-23.661,40],[-40,23.661],[-40,-23.661],[-23.661,-40],[23.661,-40],[40,-23.661],[40,23.661]],"c":true},"ix":2},"nm":"Path 1","mn":"ADBE Vector Shape - Group","hd":false},{"ty":"fl","c":{"a":0,"k":[0.929411824544,0.329411764706,0.352941176471,1],"ix":4},"o":{"a":0,"k":100,"ix":5},"r":1,"bm":0,"nm":"Fill 1","mn":"ADBE Vector Graphic - Fill","hd":false},{"ty":"tr","p":{"a":0,"k":[40.25,40.25],"ix":2},"a":{"a":0,"k":[0,0],"ix":1},"s":{"a":0,"k":[100,100],"ix":3},"r":{"a":0,"k":0,"ix":6},"o":{"a":0,"k":100,"ix":7},"sk":{"a":0,"k":0,"ix":4},"sa":{"a":0,"k":0,"ix":5},"nm":"Transform"}],"nm":"Group 1","np":2,"cix":2,"bm":0,"ix":1,"mn":"ADBE Vector Group","hd":false}],"ip":0,"op":145,"st":0,"bm":0},{"ddd":0,"ind":5,"ty":4,"nm":"base Outlines","sr":1,"ks":{"o":{"a":0,"k":100,"ix":11},"r":{"a":0,"k":0,"ix":10},"p":{"a":0,"k":[256,407.48,0],"ix":2,"l":2},"a":{"a":0,"k":[16.25,16.25,0],"ix":1,"l":2},"s":{"a":0,"k":[100,100,100],"ix":6,"l":2}},"ao":0,"shapes":[{"ty":"gr","it":[{"ind":0,"ty":"sh","ix":1,"ks":{"a":0,"k":{"i":[[0,-8.837],[-8.836,0],[0,8.836],[8.837,0]],"o":[[0,8.836],[8.837,0],[0,-8.837],[-8.836,0]],"v":[[-16,0],[0,16],[16,0],[0,-16]],"c":true},"ix":2},"nm":"Path 1","mn":"ADBE Vector Shape - Group","hd":false},{"ty":"fl","c":{"a":0,"k":[0.474509833841,0.349019607843,0.247058838489,1],"ix":4},"o":{"a":0,"k":100,"ix":5},"r":1,"bm":0,"nm":"Fill 1","mn":"ADBE Vector Graphic - Fill","hd":false},{"ty":"tr","p":{"a":0,"k":[16.25,16.25],"ix":2},"a":{"a":0,"k":[0,0],"ix":1},"s":{"a":0,"k":[100,100],"ix":3},"r":{"a":0,"k":0,"ix":6},"o":{"a":0,"k":100,"ix":7},"sk":{"a":0,"k":0,"ix":4},"sa":{"a":0,"k":0,"ix":5},"nm":"Transform"}],"nm":"Group 1","np":2,"cix":2,"bm":0,"ix":1,"mn":"ADBE Vector Group","hd":false}],"ip":0,"op":540,"st":0,"bm":0},{"ddd":0,"ind":6,"ty":1,"nm":"White Solid 1","sr":1,"ks":{"o":{"a":0,"k":100,"ix":11},"r":{"a":0,"k":0,"ix":10},"p":{"a":0,"k":[256,256,0],"ix":2,"l":2},"a":{"a":0,"k":[256,256,0],"ix":1,"l":2},"s":{"a":0,"k":[100,100,100],"ix":6,"l":2}},"ao":0,"sw":512,"sh":512,"sc":"ffFFFFFF","ip":0,"op":540,"st":0,"bm":0}],"markers":[]}